supplier,total_orders,total_revenue,total_units,avg_lead_time,otd_pct,total_defects,avg_defects,defect_rate,otd_score,quality_score,speed_score,composite_score,status,rank,country,contract_value,rating,since_year
Supplier C,395,102900711.0,102165,7.5,41.3,3799,9.62,3.72,20.65,1.0880829015544013,20.0,41.7,At Risk,1,India,4500000,4.2,2017
Supplier D,312,87047315.0,79498,7.6,38.8,3070,9.84,3.86,19.4,0.0,13.548387096774213,32.9,At Risk,2,Vietnam,2800000,3.8,2020
Supplier E,246,65307056.0,65968,7.7,40.7,2381,9.68,3.61,20.35,1.9430051813471505,7.09677419354837,29.4,At Risk,3,India,3900000,4.7,2016
Supplier A,432,106464564.0,111438,7.7,38.9,4170,9.65,3.74,19.45,0.9326424870466288,7.09677419354837,27.5,At Risk,4,India,5000000,4.5,2015
Supplier B,215,54760774.0,54880,7.8,39.5,2112,9.82,3.85,19.75,0.07772020725388296,0.6451612903225823,20.5,At Risk,5,China,3200000,3.1,2019
